{"ingredient_id":4438,"embedding":[0.236019522,-0.1600013226,-0.0517710671,0.165996328,0.3029008806,-0.08934737,0.1331358105,-0.08835008,0.2228185534,0.1087138504,-0.0473529659,0.2278810143,-0.1350552142,-0.1001704708,-0.0582859702,0.1142328531,-0.2162988186,-0.2085140347,0.0936356559,-0.0386696123,-0.0200162474,-0.1155853942,0.1352174282,0.0118155135,-0.1164433584,-0.0537245981,-0.2502540648,0.0722965673,0.0359753929,0.2221088409,0.0112105133,0.0310067441,-0.0277808942,0.048195757,-0.357614547,-0.1587215662,0.1730318516,0.3189978004,0.2472785264,0.2258442044,0.0654028505,0.0482716076,0.0426491387,-0.1844609082,-0.0772989318,-0.0043756827,0.0257980004,-0.2833678424,0.2452081293,0.0642273128,-0.0659127682,-0.1880319118,0.1248973608,-0.1611096412,-0.0628195331,-0.1353759468,-0.1103206426,-0.1024010703,0.1699358225,-0.2440241277,-0.0189642981,-0.0822238401,0.1653694957,-0.355096668,-0.0967592597,0.052867461,-0.1270722002,0.0723180473,0.1358065903,-0.0213596206,0.1586372405,0.0848307163,-0.0407518223,-0.0387066193,0.0540007316,0.2200882733,-0.1691206098,0.171850428,0.1957798451,-0.0937603563,-0.0885828584,0.1368467063,0.2754070759,-0.0657123402,-0.2164424211,0.1725837588,-0.2651219666,-0.0166515708,0.2073073685,0.1227987781,0.0900649056,-0.0998609513,0.0148655558,-0.1280250549,-0.2084218562,-0.1008417904,-0.0217868239,-0.129381001,0.1489007771,-0.1171480417,-0.0204983465,-0.2273961157,0.1163994223,0.3256063461,-0.2653339207,-0.1428571045,-0.0431274213,0.0353640988,-0.029882282,0.3662968874,-0.3451172113,-0.0944520831,0.1402496547,0.0312738195,0.0195879508,-0.0619362444,-0.0227658879,0.1077555344,0.2298882455,-0.0890496895,0.1845226884,0.0046835905,-0.281295687,0.0321539901,0.0984020084,0.077807866,-0.2710252404,0.1152720526,0.2355903685,0.1175655276,0.0504439697,0.0661552697,0.2190045565,-0.0393147096,0.2641841173,-0.0067507722,0.099657014,-0.0170120802,0.1461055875,-0.0673105121,-0.0832154304,-0.095855698,0.1031391323,-0.2882603407,-0.0845401734,0.1838197112,0.0606273301,-0.1852864176,0.0405009687,0.0672724172,0.2634248137,-0.0542528331,0.1415750682,-0.089254804,0.0622876212,0.077833876,0.1829191595,0.0443813689,-0.1425428838,-0.1030955464,-0.1735603809,0.1407492161,-0.0638943687,0.1126044989,-0.1610036939,0.1374068409,-0.1873224974,-0.0838311464,-0.0027234922,0.1391541809,0.3428404033,0.0668677464,0.0652937815,-0.0605134889,0.13923271,0.1334083378,0.1694657803,0.0953736976,0.0689779371,-0.1896874905,0.520655036,0.0044523161,-0.2158609182,0.2051516473,-0.1734853387,0.2806396484,0.053027641,0.1604232192,0.2123798579,0.0566105954,-0.0689931959,-0.0298558995,0.2023910284,0.0989407822,-0.2886765897,-0.0944164321,0.010419379,-0.0526351184,0.0628646016,0.0815556869,-0.2255078852,-0.143046692,-0.2516972125,-0.1545652002,0.0377636664,0.0711792484,0.1114884391,-0.4160953462,-0.120653905,-0.1758190244,-0.1125479117,-0.0865375474,-0.0541734397,0.1020261273,-0.1783627868,-0.0994666442,-0.0436998084,-0.1794111431,0.1630012989,-0.0244596153,-0.1783932149,-0.0570269749,0.0905341655,-0.1140884459,-0.1992711276,0.3043198884,-0.1826059818,0.0936437622,-0.2133837193,-0.1444067657,-0.2157189548,-0.1128575802,0.2124997675,-0.0307405647,0.3281276226,-0.1250991225,-0.030931795,0.2551158965,-0.0278632399,-0.0093977423,0.1961360872,0.1293763369,-0.3059849143,-0.0750871301,-0.0183561575,-0.0527079217,0.2232597619,0.0324153565,0.1316806078,0.107904613,-0.309461683,0.075788334,0.3580371141,0.0739136562,0.2044529468,-0.2077397704,-0.1217503697,0.3179948628,0.0960822701,-0.0059578624,-0.0109799383,0.0340260975,-0.2640958726,-0.1582346708,0.0456680395,0.3162336349,0.244464919,0.0600186437,0.0250927992,0.1679787189,0.1355206668,0.2570782006,0.0434480458,0.301959157,0.0166609008,0.018036861,0.181595698,-0.2259609848,0.1671650857,-0.0451882519,0.2113805264,-0.0414271988,0.1699762344,0.1266091019,0.2229010463,0.1893934458,-0.2032689303,0.0257804617,0.0051830579,-0.0521567501,-0.042587027,-0.1238822788,0.1003615633,-0.0282801222,-0.1151202992,-0.0959949642,0.0318727717,-0.1106632724,-0.1016475558,-0.0860654041]}
